{
	"partitions" : [
		{
			"name" : "Top",
			"pins" : [
				{
					"name" : "Q3",
					"strict" : false
				},
				{
					"name" : "Q2",
					"strict" : false
				},
				{
					"name" : "Q0",
					"strict" : false
				},
				{
					"name" : "Q1",
					"strict" : false
				},
				{
					"name" : "hex0",
					"strict" : false
				},
				{
					"name" : "hex1",
					"strict" : false
				},
				{
					"name" : "hex2",
					"strict" : false
				},
				{
					"name" : "hex3",
					"strict" : false
				},
				{
					"name" : "hex4",
					"strict" : false
				},
				{
					"name" : "hex5",
					"strict" : false
				},
				{
					"name" : "hex6",
					"strict" : false
				},
				{
					"name" : "CLK",
					"strict" : false
				},
				{
					"name" : "X_Y",
					"strict" : false
				}
			]
		}
	]
}