{
	"partitions" : [
		{
			"name" : "Top",
			"pins" : [
				{
					"name" : "clk1hz",
					"strict" : false
				},
				{
					"name" : "hex1[0]",
					"strict" : false
				},
				{
					"name" : "hex1[1]",
					"strict" : false
				},
				{
					"name" : "hex1[2]",
					"strict" : false
				},
				{
					"name" : "hex1[3]",
					"strict" : false
				},
				{
					"name" : "hex1[4]",
					"strict" : false
				},
				{
					"name" : "hex1[5]",
					"strict" : false
				},
				{
					"name" : "hex1[6]",
					"strict" : false
				},
				{
					"name" : "hex0[0]",
					"strict" : false
				},
				{
					"name" : "hex0[1]",
					"strict" : false
				},
				{
					"name" : "hex0[2]",
					"strict" : false
				},
				{
					"name" : "hex0[3]",
					"strict" : false
				},
				{
					"name" : "hex0[4]",
					"strict" : false
				},
				{
					"name" : "hex0[5]",
					"strict" : false
				},
				{
					"name" : "hex0[6]",
					"strict" : false
				},
				{
					"name" : "hex5[0]",
					"strict" : false
				},
				{
					"name" : "hex5[1]",
					"strict" : false
				},
				{
					"name" : "hex5[2]",
					"strict" : false
				},
				{
					"name" : "hex5[3]",
					"strict" : false
				},
				{
					"name" : "hex5[4]",
					"strict" : false
				},
				{
					"name" : "hex5[5]",
					"strict" : false
				},
				{
					"name" : "hex5[6]",
					"strict" : false
				},
				{
					"name" : "hex4[0]",
					"strict" : false
				},
				{
					"name" : "hex4[1]",
					"strict" : false
				},
				{
					"name" : "hex4[2]",
					"strict" : false
				},
				{
					"name" : "hex4[3]",
					"strict" : false
				},
				{
					"name" : "hex4[4]",
					"strict" : false
				},
				{
					"name" : "hex4[5]",
					"strict" : false
				},
				{
					"name" : "hex4[6]",
					"strict" : false
				},
				{
					"name" : "data_sipo[0]",
					"strict" : false
				},
				{
					"name" : "data_sipo[1]",
					"strict" : false
				},
				{
					"name" : "data_sipo[2]",
					"strict" : false
				},
				{
					"name" : "data_sipo[3]",
					"strict" : false
				},
				{
					"name" : "data_sipo[4]",
					"strict" : false
				},
				{
					"name" : "data_sipo[5]",
					"strict" : false
				},
				{
					"name" : "data_sipo[6]",
					"strict" : false
				},
				{
					"name" : "data_sipo[7]",
					"strict" : false
				},
				{
					"name" : "data_piso[0]",
					"strict" : false
				},
				{
					"name" : "data_piso[1]",
					"strict" : false
				},
				{
					"name" : "data_piso[2]",
					"strict" : false
				},
				{
					"name" : "data_piso[3]",
					"strict" : false
				},
				{
					"name" : "data_piso[4]",
					"strict" : false
				},
				{
					"name" : "data_piso[5]",
					"strict" : false
				},
				{
					"name" : "data_piso[6]",
					"strict" : false
				},
				{
					"name" : "data_piso[7]",
					"strict" : false
				},
				{
					"name" : "carry",
					"strict" : false
				},
				{
					"name" : "clk5M",
					"strict" : false
				},
				{
					"name" : "sw[4]",
					"strict" : false
				},
				{
					"name" : "ldn",
					"strict" : false
				},
				{
					"name" : "sw[5]",
					"strict" : false
				},
				{
					"name" : "sw[6]",
					"strict" : false
				},
				{
					"name" : "sw[7]",
					"strict" : false
				},
				{
					"name" : "sw[0]",
					"strict" : false
				},
				{
					"name" : "sw[1]",
					"strict" : false
				},
				{
					"name" : "sw[2]",
					"strict" : false
				},
				{
					"name" : "sw[3]",
					"strict" : false
				},
				{
					"name" : "clk",
					"strict" : false
				}
			]
		}
	]
}