{
	"partitions" : [
		{
			"name" : "Top",
			"pins" : [
				{
					"name" : "HEX00_PIN_C14",
					"strict" : false
				},
				{
					"name" : "HEX01_PIN_E15",
					"strict" : false
				},
				{
					"name" : "HEX02_PIN_C15",
					"strict" : false
				},
				{
					"name" : "HEX03_PIN_C16",
					"strict" : false
				},
				{
					"name" : "HEX04_PIN_E16",
					"strict" : false
				},
				{
					"name" : "HEX05_PIN_D17",
					"strict" : false
				},
				{
					"name" : "HEX06_PIN_C17",
					"strict" : false
				},
				{
					"name" : "MAX10_CLK1_50_PIN_P11",
					"strict" : false
				},
				{
					"name" : "KEY0_PIN_B8",
					"strict" : false
				}
			]
		}
	]
}