{
	"partitions" : [
		{
			"name" : "Top",
			"pins" : [
				{
					"name" : "s[0]",
					"strict" : false
				},
				{
					"name" : "s[1]",
					"strict" : false
				},
				{
					"name" : "s[2]",
					"strict" : false
				},
				{
					"name" : "s[3]",
					"strict" : false
				},
				{
					"name" : "s[4]",
					"strict" : false
				},
				{
					"name" : "segs_minus",
					"strict" : false
				},
				{
					"name" : "segs_a[0]",
					"strict" : false
				},
				{
					"name" : "segs_a[1]",
					"strict" : false
				},
				{
					"name" : "segs_a[2]",
					"strict" : false
				},
				{
					"name" : "segs_a[3]",
					"strict" : false
				},
				{
					"name" : "segs_a[4]",
					"strict" : false
				},
				{
					"name" : "segs_a[5]",
					"strict" : false
				},
				{
					"name" : "segs_a[6]",
					"strict" : false
				},
				{
					"name" : "segs_b[0]",
					"strict" : false
				},
				{
					"name" : "segs_b[1]",
					"strict" : false
				},
				{
					"name" : "segs_b[2]",
					"strict" : false
				},
				{
					"name" : "segs_b[3]",
					"strict" : false
				},
				{
					"name" : "segs_b[4]",
					"strict" : false
				},
				{
					"name" : "segs_b[5]",
					"strict" : false
				},
				{
					"name" : "segs_b[6]",
					"strict" : false
				},
				{
					"name" : "segs_s_high[0]",
					"strict" : false
				},
				{
					"name" : "segs_s_high[3]",
					"strict" : false
				},
				{
					"name" : "segs_s_high[4]",
					"strict" : false
				},
				{
					"name" : "segs_s_high[5]",
					"strict" : false
				},
				{
					"name" : "segs_s_low[0]",
					"strict" : false
				},
				{
					"name" : "segs_s_low[1]",
					"strict" : false
				},
				{
					"name" : "segs_s_low[2]",
					"strict" : false
				},
				{
					"name" : "segs_s_low[3]",
					"strict" : false
				},
				{
					"name" : "segs_s_low[4]",
					"strict" : false
				},
				{
					"name" : "segs_s_low[5]",
					"strict" : false
				},
				{
					"name" : "segs_s_low[6]",
					"strict" : false
				},
				{
					"name" : "a[0]",
					"strict" : false
				},
				{
					"name" : "b[0]",
					"strict" : false
				},
				{
					"name" : "a[1]",
					"strict" : false
				},
				{
					"name" : "op",
					"strict" : false
				},
				{
					"name" : "b[1]",
					"strict" : false
				},
				{
					"name" : "a[3]",
					"strict" : false
				},
				{
					"name" : "b[3]",
					"strict" : false
				},
				{
					"name" : "b[2]",
					"strict" : false
				},
				{
					"name" : "a[2]",
					"strict" : false
				}
			]
		}
	]
}