{
	"partitions" : [
		{
			"name" : "Top",
			"pins" : [
				{
					"name" : "hex0[0]",
					"strict" : false
				},
				{
					"name" : "hex0[1]",
					"strict" : false
				},
				{
					"name" : "hex0[2]",
					"strict" : false
				},
				{
					"name" : "hex0[3]",
					"strict" : false
				},
				{
					"name" : "hex0[4]",
					"strict" : false
				},
				{
					"name" : "hex0[5]",
					"strict" : false
				},
				{
					"name" : "hex0[6]",
					"strict" : false
				},
				{
					"name" : "hex1[0]",
					"strict" : false
				},
				{
					"name" : "hex1[1]",
					"strict" : false
				},
				{
					"name" : "hex1[2]",
					"strict" : false
				},
				{
					"name" : "hex1[3]",
					"strict" : false
				},
				{
					"name" : "hex1[4]",
					"strict" : false
				},
				{
					"name" : "hex1[5]",
					"strict" : false
				},
				{
					"name" : "hex1[6]",
					"strict" : false
				},
				{
					"name" : "hex2[0]",
					"strict" : false
				},
				{
					"name" : "hex2[1]",
					"strict" : false
				},
				{
					"name" : "hex2[2]",
					"strict" : false
				},
				{
					"name" : "hex2[3]",
					"strict" : false
				},
				{
					"name" : "hex2[4]",
					"strict" : false
				},
				{
					"name" : "hex2[5]",
					"strict" : false
				},
				{
					"name" : "hex2[6]",
					"strict" : false
				},
				{
					"name" : "hex3[0]",
					"strict" : false
				},
				{
					"name" : "hex3[1]",
					"strict" : false
				},
				{
					"name" : "hex3[2]",
					"strict" : false
				},
				{
					"name" : "hex3[3]",
					"strict" : false
				},
				{
					"name" : "hex3[4]",
					"strict" : false
				},
				{
					"name" : "hex3[5]",
					"strict" : false
				},
				{
					"name" : "hex3[6]",
					"strict" : false
				},
				{
					"name" : "hex4[0]",
					"strict" : false
				},
				{
					"name" : "hex4[1]",
					"strict" : false
				},
				{
					"name" : "hex4[2]",
					"strict" : false
				},
				{
					"name" : "hex4[3]",
					"strict" : false
				},
				{
					"name" : "hex4[4]",
					"strict" : false
				},
				{
					"name" : "hex4[5]",
					"strict" : false
				},
				{
					"name" : "hex4[6]",
					"strict" : false
				},
				{
					"name" : "hex5[0]",
					"strict" : false
				},
				{
					"name" : "hex5[1]",
					"strict" : false
				},
				{
					"name" : "hex5[2]",
					"strict" : false
				},
				{
					"name" : "hex5[3]",
					"strict" : false
				},
				{
					"name" : "hex5[4]",
					"strict" : false
				},
				{
					"name" : "hex5[5]",
					"strict" : false
				},
				{
					"name" : "hex5[6]",
					"strict" : false
				},
				{
					"name" : "clk",
					"strict" : false
				},
				{
					"name" : "r0[0]",
					"strict" : false
				},
				{
					"name" : "r0[1]",
					"strict" : false
				},
				{
					"name" : "r0[2]",
					"strict" : false
				},
				{
					"name" : "r0[3]",
					"strict" : false
				},
				{
					"name" : "r1[0]",
					"strict" : false
				},
				{
					"name" : "r1[1]",
					"strict" : false
				},
				{
					"name" : "r1[2]",
					"strict" : false
				},
				{
					"name" : "r1[3]",
					"strict" : false
				},
				{
					"name" : "r2[0]",
					"strict" : false
				},
				{
					"name" : "r2[1]",
					"strict" : false
				},
				{
					"name" : "r2[2]",
					"strict" : false
				},
				{
					"name" : "r2[3]",
					"strict" : false
				},
				{
					"name" : "r3[0]",
					"strict" : false
				},
				{
					"name" : "r3[1]",
					"strict" : false
				},
				{
					"name" : "r3[2]",
					"strict" : false
				},
				{
					"name" : "r3[3]",
					"strict" : false
				},
				{
					"name" : "r4[0]",
					"strict" : false
				},
				{
					"name" : "r4[1]",
					"strict" : false
				},
				{
					"name" : "r4[2]",
					"strict" : false
				},
				{
					"name" : "r4[3]",
					"strict" : false
				},
				{
					"name" : "r5[0]",
					"strict" : false
				},
				{
					"name" : "r5[1]",
					"strict" : false
				},
				{
					"name" : "r5[2]",
					"strict" : false
				},
				{
					"name" : "r5[3]",
					"strict" : false
				},
				{
					"name" : "rx[0]",
					"strict" : false
				},
				{
					"name" : "rx[1]",
					"strict" : false
				},
				{
					"name" : "rx[2]",
					"strict" : false
				},
				{
					"name" : "rx[3]",
					"strict" : false
				},
				{
					"name" : "sum[0]",
					"strict" : false
				},
				{
					"name" : "sum[1]",
					"strict" : false
				},
				{
					"name" : "sum[2]",
					"strict" : false
				},
				{
					"name" : "sum[3]",
					"strict" : false
				},
				{
					"name" : "sum[4]",
					"strict" : false
				},
				{
					"name" : "sw4",
					"strict" : false
				},
				{
					"name" : "sw[0]",
					"strict" : false
				},
				{
					"name" : "pb0",
					"strict" : false
				},
				{
					"name" : "sw[1]",
					"strict" : false
				},
				{
					"name" : "sw[2]",
					"strict" : false
				},
				{
					"name" : "sw[3]",
					"strict" : false
				},
				{
					"name" : "pb1",
					"strict" : false
				}
			]
		}
	]
}